t,signal
0.005,0
0.01,0
0.015,0
0.02,0
0.025,0
0.03,0
0.035,0
0.04,0
0.045,0
0.05,0
0.055,0
0.06,0
0.065,0
0.07,0
0.075,0
0.08,0
0.085,0
0.09,0
0.095,0
0.1,0
0.105,0
0.11,0
0.115,0
0.12,0
0.125,0
0.13,0
0.135,0
0.14,0
0.145,0
0.15,0
0.155,0
0.16,0
0.165,0
0.17,0
0.175,0
0.18,0
0.185,0
0.19,0
0.195,0
0.2,0
0.205,0
0.21,0
0.215,0
0.22,0
0.225,0
0.23,0
0.235,0
0.24,0
0.245,0
0.25,0
0.255,0
0.26,0
0.265,0
0.27,0
0.275,0
0.28,0
0.285,0
0.29,0
0.295,0
0.3,0
0.305,0
0.31,0
0.315,0
0.32,0
0.325,0
0.33,0
0.335,0
0.34,0
0.345,0
0.35,0
0.355,0
0.36,0
0.365,0
0.37,0
0.375,0
0.38,0
0.385,0
0.39,0
0.395,0
0.4,0
0.405,0
0.41,0
0.415,0
0.42,0
0.425,0
0.43,0
0.435,0
0.44,0
0.445,0
0.45,0
0.455,0
0.46,0
0.465,0
0.47,0
0.475,0
0.48,0
0.485,0
0.49,0
0.495,0
0.5,0
0.505,0
0.51,0
0.515,0
0.52,0
0.525,0
0.53,0
0.535,0
0.54,0
0.545,0
0.55,0
0.555,0
0.56,0
0.565,0
0.57,0
0.575,0
0.58,0
0.585,0
0.59,0
0.595,0
0.6,0
0.605,0
0.61,0
0.615,0
0.62,0
0.625,0
0.63,0
0.635,0
0.64,0
0.645,0
0.65,0
0.655,0
0.66,0
0.665,0
0.67,0
0.675,0
0.68,0
0.685,0
0.69,0
0.695,0
0.7,0
0.705,0
0.71,0
0.715,0
0.72,0
0.725,0
0.73,0
0.735,0
0.74,0
0.745,0
0.75,0
0.755,0
0.76,0
0.765,0
0.77,0
0.775,0
0.78,0
0.785,0
0.79,0
0.795,0
0.8,0
0.805,0
0.81,0
0.815,0
0.82,0
0.825,0
0.83,0
0.835,0
0.84,0
0.845,0
0.85,0
0.855,0
0.86,0
0.865,0
0.87,0
0.875,0
0.88,0
0.885,0
0.89,0
0.895,0
0.9,0
0.905,0
0.91,0
0.915,0
0.92,0
0.925,0
0.93,0
0.935,0
0.94,0
0.945,0
0.95,0
0.955,0
0.96,0
0.965,0
0.97,0
0.975,0
0.98,0
0.985,0
0.99,0
0.995,0
1,0
1.005,0.000012458411458333335
1.01,0.00004966791354708551
1.015,0.00011138130319969435
1.02,0.00019735322751808992
1.025,0.00030734017146645304
1.03,0.00044110044564170544
1.035,0.0005983941741202724
1.04,0.000778983282380661
1.045,0.0009826314853014
1.05,0.0012091042752338911
1.055,0.001458168910149721
1.06,0.001729594401861989
1.065,0.0020231515043202097
1.07,0.002338612701978342
1.075,0.0026757521982355165
1.08,0.003034345903949017
1.085,0.003414171426019087
1.09,0.0038150080560451285
1.095,0.00423663675905287
1.1,0.004678840162292068
1.105,0.005141402544104328
1.11,0.005624109822860624
1.115,0.0061267495459680875
1.12,0.006649110878945666
1.125,0.007190984594568225
1.13,0.007752163062078685
1.135,0.008332440236467795
1.14,0.008931611647821117
1.145,0.009549474390732839
1.15,0.010185827113785994
1.155,0.01084047000909871
1.16,0.011513204801936065
1.165,0.012203834740387184
1.17,0.012912164585107154
1.175,0.013638000599123398
1.1800001,0.014381150537706092
1.185,0.015141423638302266
1.19,0.01591863061053318
1.1949999,0.01671258362625461
1.2,0.01752309630967968
1.205,0.018349983727563808
1.21,0.019193062379451474
1.215,0.020052150187984355
1.22,0.02092706648927052
1.225,0.021817632023314285
1.23,0.022723668924506363
1.235,0.023645000712173965
1.24,0.024581452281190474
1.245,0.025532849892644326
1.25,0.026499021164566774
1.255,0.027479795062718138
1.26,0.028475001891432213
1.265,0.029484473284518493
1.27,0.03050804219622183
1.275,0.0315455428922392
1.28,0.03259681094079325
1.285,0.033661683203762255
1.29,0.03473999782786612
1.295,0.035831594235908176
1.3,0.03693631311807236
1.3050001,0.03805399642327545
1.31,0.03918448735057401
1.315,0.040327630340625836
1.3199999,0.04148327106720536
1.325,0.04265125642877287
1.33,0.04383143454009714
1.335,0.045023654723931175
1.34,0.046227767502740685
1.345,0.04744362459048508
1.35,0.04867107888445057
1.355,0.04990998445713509
1.36,0.051160196548184766
1.365,0.05242157155638155
1.37,0.05369396703168177
1.375,0.05497724166730523
1.38,0.05627125529187462
1.385,0.057575868861604894
1.39,0.05889094445254228
1.395,0.060216345252852695
1.4,0.06155193555515921
1.405,0.06289758074892829
1.41,0.0642531473129045
1.415,0.06561850280759342
1.42,0.06699351586779237
1.425,0.06837805619516885
1.4300001,0.06977199455088617
1.435,0.07117520274827623
1.44,0.07258755364555883
1.4449999,0.07400892113860767
1.45,0.0754391801537624
1.455,0.07687820664068648
1.46,0.07832587756527085
1.465,0.0797820709025827
1.47,0.08124666562985952
1.475,0.08271954171954775
1.48,0.08420058013238604
1.485,0.08568966281053274
1.49,0.0871866726707373
1.495,0.08869149359755547
1.5,0.09020401043660783
1.505,0.09172410898788157
1.51,0.09325167599907513
1.515,0.09478659915898555
1.52,0.0963287670909381
1.525,0.09787806934625817
1.53,0.09943439639778494
1.5350001,0.10099763963342664
1.54,0.10256769134975734
1.5450001,0.1041444447456546
1.55,0.10572779391597824
1.5550001,0.10731763384528953
1.56,0.10891386040161082
1.565,0.11051637033022527
1.5699999,0.11212506124751648
1.575,0.1137398316348477
1.5799999,0.11536058083248048
1.585,0.11698720903353241
1.5899999,0.11861961727797381
1.595,0.12025770744666306
1.6,0.12190138225542037
1.605,0.12355054524913979
1.61,0.12520510079593908
1.615,0.12686495408134743
1.62,0.12853001110253057
1.625,0.1302001786625533
1.63,0.1318753643646788
1.635,0.13355547660670516
1.64,0.13524042457533808
1.645,0.13693011824060014
1.65,0.13862446835027628
1.655,0.14032338642439504
1.6600001,0.14202678474974562
1.665,0.14373457637443038
1.6700001,0.1454466751024526
1.675,0.14716299548833928
1.6800001,0.14888345283179882
1.685,0.15060796317241326
1.69,0.15233644328436502
1.6949999,0.15406881067119768
1.7,0.15580498356061093
1.7049999,0.15754488089928914
1.71,0.1592884223477637
1.7149999,0.16103552827530843
1.72,0.16278611975486845
1.725,0.16454011855802184
1.73,0.166297447149974
1.735,0.16805802868458475
1.74,0.16982178699942765
1.745,0.17158864661088152
1.75,0.1733585327092539
1.755,0.17513137115393612
1.76,0.17690708846859038
1.765,0.17868561183636758
1.77,0.18046686909515686
1.775,0.18225078873286576
1.78,0.18403729988273146
1.7850001,0.18582633231866236
1.79,0.18761781645061024
1.7950001,0.1894116833199726
1.8,0.19120786459502506
1.8050001,0.19300629256638355
1.81,0.19480690014249624
1.815,0.19660962084516495
1.8199999,0.19841438880509582
1.825,0.20022113875747916
1.8299999,0.20202980603759818
1.835,0.20384032657646659
1.8399999,0.2056526368964946
1.845,0.2074666741071836
1.85,0.2092823759008489
1.855,0.21109968054837042
1.86,0.21291852689497157
1.865,0.21473885435602563
1.87,0.21656060291288975
1.875,0.21838371310876623
1.88,0.22020812604459114
1.885,0.22203378337494992
1.89,0.2238606273040198
1.895,0.22568860058153895
1.9,0.2275176464988023
1.905,0.22934770888468342
1.9100001,0.23117873210168297
1.915,0.2330106610420029
1.9200001,0.2348434411236468
1.925,0.23667701828654564
1.9300001,0.23851133898870944
1.935,0.2403463502024041
1.94,0.2421819994103536
1.9449999,0.24401823460196712
1.95,0.2458550042695914
1.9549999,0.24769225740478754
1.96,0.24952994349463273
1.9649999,0.25136801251804614
1.97,0.25320641494213947
1.975,0.25504510171859146
1.98,0.2568840242800463
1.985,0.2587231345365364
1.99,0.2605623848719281
1.995,0.262401728140392
2,0.26424111766289543
2.005,0.2660805072237196
2.01,0.26791985106699867
2.015,0.26975910389328256
2.02,0.2715982208561223
2.025,0.2734371575586782
2.03,0.27527587005035065
2.035,0.27711431482343296
2.04,0.27895244880978715
2.045,0.2807902293775411
2.05,0.2826276143278085
2.055,0.28446456189143
2.06,0.2863010307257365
2.065,0.2881369799113339
2.07,0.2899723689489094
2.075,0.2918071577560588
2.08,0.2936413066641356
2.085,0.29547477641512065
2.09,0.2973075281585128
2.095,0.2991395234482406
2.1,0.3009707242395944
2.105,0.30280109288617935
2.11,0.30463059213688815
2.115,0.3064591851328949
2.12,0.30828683540466856
2.125,0.3101135068690065
2.13,0.3119391638260883
2.135,0.3137637709565487
2.14,0.3155872933185711
2.145,0.31740969634499955
2.15,0.31923094584047107
2.155,0.3210510079785666
2.16,0.3228698492989817
2.165,0.32468743670471567
2.17,0.3265037374592801
2.175,0.3283187191839259
2.18,0.3301323498548895
2.185,0.33194459780065677
2.19,0.33375543169924643
2.195,0.3355648205755109
2.2,0.33737273379845606
2.205,0.3391791410785786
2.21,0.3409840124652217
2.215,0.34278731834394843
2.22,0.3445890294339331
2.225,0.34638911678536993
2.23,0.34818755177689975
2.235,0.3499843061130536
2.24,0.3517793518217141
2.245,0.35357266125159387
2.25,0.3553642070697309
2.255,0.35715396225900126
2.26,0.3589419001156484
2.2649999,0.36072799424682944
2.27,0.362512218568178
2.275,0.3642945473013836
2.28,0.3660749549717878
2.285,0.3678534164059964
2.29,0.3696299067295078
2.295,0.3714044013643581
2.3,0.3731768760267817
2.305,0.3749473067248879
2.31,0.37671566975635384
2.315,0.3784819417061326
2.32,0.38024609944417725
2.325,0.38200812012318053
2.33,0.38376798117632976
2.335,0.3855256603150773
2.34,0.3872811355269261
2.345,0.38903438507323074
2.35,0.3907853874870131
2.355,0.3925341215707932
2.3600001,0.39428056639443526
2.365,0.3960247012930079
2.37,0.39776650586465934
2.375,0.3995059599685076
2.38,0.4012430437225443
2.385,0.40297773750155397
2.3899999,0.4047100219350465
2.395,0.4064398779052049
2.4,0.4081672865448465
2.405,0.4098922292353984
2.41,0.4116146876048871
2.415,0.4133346435259416
2.42,0.41505207911381065
2.425,0.41676697672439333
2.43,0.41847931895228363
2.435,0.4201890886288283
2.44,0.42189626882019826
2.445,0.4236008428254731
2.45,0.42530279417473926
2.455,0.42700210662720106
2.46,0.4286987641693049
2.465,0.43039275101287666
2.47,0.43208405159327173
2.475,0.43377265056753805
2.48,0.435458532812592
2.4850001,0.43714168342340665
2.49,0.43882208771121306
2.495,0.44049973120171376
2.5,0.4421745996333088
2.505,0.44384667895533403
2.51,0.44551595532631194
2.5149999,0.44718241511221446
2.52,0.4488460448847379
2.525,0.45050683141958997
2.53,0.45216476169478903
2.535,0.4538198228889747
2.54,0.45547200237973073
2.545,0.4571212877419194
2.55,0.45876766674602776
2.555,0.4604111273565252
2.56,0.46205165773023266
2.565,0.4636892462147036
2.57,0.4653238813466156
2.575,0.4669555518501741
2.58,0.4685842466355267
2.585,0.47020995479718897
2.59,0.4718326656124811
2.595,0.473452368539976
2.6,0.4750690532179577
2.605,0.47668270946289115
2.6100001,0.4782933272679025
2.615,0.4799008968012703
2.62,0.4815054084049271
2.625,0.48310685259297215
2.63,0.4847052200501939
2.635,0.4863005016306036
2.6399999,0.4878926883559789
2.645,0.4894817714144178
2.65,0.49106774215890314
2.655,0.49265059210587697
2.66,0.494230312933825
2.665,0.4958068964818716
2.67,0.4973803347483839
2.675,0.49895061988958683
2.68,0.5005177442181873
2.685,0.5020817002020083
2.69,0.503642480462633
2.695,0.5052000777740586
2.7,0.5067544850613589
2.705,0.5083056953993575
2.71,0.5098537020113101
2.715,0.5113984982675955
2.72,0.5129400776844177
2.725,0.5144784339225154
2.73,0.5160135607858815
2.7350001,0.5175454522204923
2.74,0.5190741023130451
2.745,0.520599505289705
2.75,0.5221216555148611
2.755,0.523640547489891
2.76,0.5251561758519345
2.7649999,0.5266685353726768
2.77,0.5281776209571387
2.775,0.5296834276424778
2.78,0.5311859505967963
2.785,0.5326851851179586
2.79,0.5341811266324172
2.795,0.535673770694047
2.8,0.5371631129829876
2.805,0.538649149304495
2.81,0.5401318755878007
2.815,0.5416112878849794
2.82,0.5430873823698248
2.825,0.5445601553367339
2.83,0.546029603199599
2.835,0.5474957224907081
2.84,0.5489585098596527
2.845,0.5504179620722442
2.85,0.5518740760094384
2.855,0.5533268486662662
2.8600001,0.5547762771507746
2.865,0.5562223586829731
2.87,0.5576650905937895
2.875,0.5591044703240324
2.88,0.5605404954233613
2.885,0.5619731635492645
2.8899999,0.5634024724660451
2.895,0.5648284200438131
2.9,0.5662510042574855
2.905,0.5676702231857945
2.91,0.5690860750103018
2.915,0.5704985580144207
2.92,0.5719076705824456
2.925,0.5733134111985883
2.93,0.5747157784460212
2.935,0.5761147710059283
2.94,0.5775103876565628
2.945,0.5789026272723112
2.95,0.5802914888227653
2.955,0.5816769713717997
2.96,0.5830590740766581
2.965,0.5844377961870443
2.97,0.5858131370442212
2.975,0.5871850960801163
2.98,0.5885536728164332
2.9850001,0.589918866863771
2.99,0.5912806779207489
2.995,0.5926391057731377
3,0.5939941502929987
3.005,0.5953458114378276
3.01,0.5966940892497057
3.015,0.5980389838544572
3.02,0.599380495460813
3.025,0.6007186243595801
3.03,0.6020533709228185
3.035,0.6033847356030225
3.04,0.6047127189323099
3.045,0.6060373215216159
3.05,0.6073585440598942
3.055,0.608676387313323
3.06,0.609990852124518
3.065,0.6113019394117508
3.07,0.6126096501681731
3.075,0.613913985461047
3.08,0.615214946430981
3.085,0.6165125342911719
3.09,0.6178067503266524
3.095,0.6190975958935442
3.1,0.620385072418317
3.105,0.621669181397053
3.11,0.6229499243947171
3.115,0.6242273030444326
3.12,0.6255013190467624
3.125,0.6267719741689953
3.13,0.6280392702444387
3.135,0.6293032091717157
3.14,0.6305637929140679
3.145,0.6318210234986641
3.15,0.6330749030159131
3.155,0.6343254336187829
3.16,0.6355726175221249
3.165,0.6368164570020023
3.17,0.638056954395025
3.175,0.6392941120976889
3.18,0.6405279325657204
3.185,0.6417584183134258
3.19,0.6429855719130463
3.195,0.6442093959941169
3.2,0.6454298932428315
3.205,0.6466470664014121
3.21,0.647860918267483
3.215,0.6490714516934502
3.22,0.6502786695858849
3.225,0.6514825749049127
3.23,0.6526831706636069
3.235,0.653880459927387
3.24,0.6550744458134208
3.245,0.6562651314900328
3.25,0.6574525201761162
3.255,0.6586366151405493
3.26,0.659817419701617
3.2649999,0.6609949372264368
3.27,0.662169171130389
3.275,0.6633401248765517
3.28,0.6645078019751397
3.285,0.6656722059829485
3.29,0.6668333405028023
3.295,0.667991209183006
3.3,0.6691458157168026
3.305,0.6702971638418336
3.31,0.6714452573396043
3.315,0.6725901000349537
3.32,0.6737316957955277
3.325,0.6748700485312574
3.33,0.6760051621938407
3.335,0.6771370407762284
3.34,0.678265688312115
3.345,0.6793911088754322
3.35,0.6805133065798475
3.355,0.6816322855782668
3.3600001,0.6827480500623402
3.365,0.6838606042619721
3.37,0.6849699524448363
3.375,0.6860760989158928
3.38,0.6871790480169107
3.385,0.688278804125993
3.3899999,0.6893753716571072
3.395,0.6904687550596178
3.4,0.6915589588178239
3.405,0.6926459874505
3.41,0.69372984551044
3.415,0.6948105375840065
3.42,0.6958880682906815
3.425,0.6969624422826229
3.43,0.6980336642442233
3.435,0.6991017388916725
3.44,0.700166670972524
3.445,0.7012284652652653
3.45,0.7022871265788901
3.455,0.7033426597524765
3.46,0.7043950696547658
3.465,0.7054443611837479
3.47,0.7064905392662468
3.475,0.7075336088575124
3.48,0.7085735749408136
3.4850001,0.709610442527036
3.49,0.7106442166542822
3.495,0.7116749023874759
3.5,0.7127025048179686
3.505,0.7137270290631507
3.51,0.7147484802660642
3.5149999,0.7157668635950205
3.52,0.7167821842432197
3.525,0.717794447428374
3.53,0.7188036583923338
3.535,0.7198098224007178
3.54,0.7208129447425446
3.545,0.7218130307298691
3.55,0.7228100856974206
3.555,0.7238041150022445
3.56,0.7247951240233476
3.565,0.725783118161345
3.57,0.7267681028381112
3.575,0.7277500834964337
3.58,0.7287290655996692
3.585,0.7297050546314034
3.59,0.7306780560951132
3.595,0.7316480755138316
3.6,0.7326151184298161
3.605,0.7335791904042195
3.6100001,0.7345402970167633
3.615,0.7354984438654143
3.62,0.7364536365660639
3.625,0.7374058807522099
3.63,0.7383551820746413
3.635,0.7393015462011256
3.6399999,0.7402449788160987
3.645,0.7411854856203581
3.65,0.7421230723307579
3.655,0.7430577446799069
3.66,0.7439895084158693
3.665,0.744918369301868
3.67,0.7458443331159904
3.675,0.7467674056508964
3.68,0.7476875927135298
3.685,0.7486049001248315
3.69,0.7495193337194553
3.695,0.7504308993454868
3.7,0.7513396028641636
3.705,0.752245450149599
3.71,0.7531484470885079
3.715,0.7540485995799349
3.72,0.7549459135349844
3.725,0.7558403948765543
3.73,0.7567320495390708
3.7350001,0.7576208834682264
3.74,0.7585069026207196
3.745,0.7593901129639974
3.75,0.7602705204759997
3.755,0.7611481311449068
3.76,0.7620229509688875
3.7649999,0.7628949859558517
3.77,0.7637642421232029
3.775,0.764630725497595
3.78,0.7654944421146898
3.785,0.7663553980189171
3.79,0.7672135992632376
3.795,0.7680690519089074
3.8,0.768921762025244
3.805,0.7697717356893959
3.81,0.7706189789861133
3.815,0.7714634980075208
3.82,0.7723052988528927
3.825,0.7731443876284301
3.83,0.7739807704470403
3.835,0.7748144534281176
3.84,0.775645442697327
3.845,0.776473744386389
3.85,0.777299364632867
3.855,0.7781223095799564
3.8600001,0.7789425853762761
3.865,0.7797601981756611
3.87,0.7805751541369578
3.875,0.7813874594238207
3.88,0.7821971202045117
3.885,0.7830041426517004
3.8899999,0.7838085329422668
3.895,0.7846102972571057
3.9,0.7854094417809333
3.905,0.7862059727020948
3.91,0.7869998962123749
3.915,0.787791218506809
3.92,0.7885799457834974
3.925,0.7893660842434203
3.93,0.7901496400902545
3.935,0.7909306195301928
3.94,0.7917090287717646
3.945,0.7924848740256579
3.95,0.7932581615045433
3.955,0.7940288974229001
3.96,0.7947970879968433
3.965,0.7955627394439531
3.97,0.7963258579831052
3.975,0.7970864498343037
3.98,0.7978445212185147
3.9850001,0.7986000783575024
3.99,0.7993531274736659
3.995,0.8001036747898788
4,0.8008517265293287
4.005,0.8015972889153602
4.01,0.8023403681713182
4.015,0.8030809705203927
4.02,0.8038191021854664
4.025,0.804554769388962
4.03,0.8052879783526926
4.035,0.8060187352977128
4.04,0.8067470464441717
4.045,0.8074729180111667
4.05,0.8081963562165999
4.055,0.8089173672770348
4.06,0.8096359574075551
4.065,0.8103521328216251
4.07,0.8110658997309509
4.075,0.8117772643453436
4.08,0.8124862328725836
4.085,0.8131928115182864
4.09,0.8138970064857698
4.095,0.8145988239759223
4.1,0.8152982701870732
4.105,0.8159953513148639
4.11,0.8166900735521202
4.115,0.8173824430887269
4.12,0.8180724661115023
4.125,0.8187601488040755
4.13,0.8194454973467641
4.135,0.8201285179164529
4.14,0.8208092166864753
4.145,0.8214875998264943
4.15,0.8221636735023862
4.155,0.8228374438761241
4.16,0.8235089171056644
4.165,0.8241780993448329
4.17,0.8248449967432129
4.175,0.8255096154460347
4.18,0.826171961594066
4.185,0.8268320413235034
4.19,0.8274898607658653
4.195,0.8281454260478859
4.2,0.8287987432914103
4.205,0.8294498186132915
4.21,0.8300986581252868
4.215,0.8307452679339575
4.22,0.8313896541405681
4.225,0.8320318228409874
4.23,0.8326717801255907
4.235,0.8333095320791627
4.24,0.833945084780802
4.245,0.8345784443038261
4.25,0.8352096167156785
4.255,0.8358386080778355
4.26,0.8364654244457153
4.265,0.8370900718685872
4.27,0.8377125563894828
4.275,0.8383328840451075
4.28,0.8389510608657532
4.285,0.8395670928752121
4.29,0.8401809860906919
4.295,0.8407927465227311
4.3,0.8414023801751161
4.305,0.8420098930447993
4.31,0.8426152911218175
4.315,0.8432185803892119
4.32,0.8438197668229488
4.325,0.8444188563918414
4.33,0.8450158550574727
4.335,0.8456107687741186
4.34,0.846203603488673
4.345,0.8467943651405732
4.35,0.8473830596617262
4.355,0.8479696929764363
4.36,0.8485542710013331
4.365,0.8491367996453009
4.37,0.8497172848094087
4.375,0.8502957323868412
4.38,0.8508721482628306
4.385,0.8514465383145895
4.39,0.8520189084112443
4.395,0.8525892644137696
4.4,0.8531576121749238
4.405,0.8537239575391852
4.41,0.8542883063426887
4.415,0.854850664413164
4.42,0.8554110375698742
4.425,0.855969431623555
4.43,0.8565258523763554
4.435,0.8570803056217785
4.44,0.8576327971446237
4.445,0.8581833327209291
4.45,0.8587319181179152
4.455,0.859278559093929
4.46,0.8598232613983896
4.465,0.860366030771733
4.47,0.8609068729453596
4.475,0.8614457936415812
4.48,0.8619827985735691
4.485,0.8625178934453027
4.49,0.8630510839515196
4.495,0.8635823757776656
4.5,0.8641117745998455
4.505,0.864639286084775
4.51,0.8651649158897337
4.515,0.8656886696625172
4.52,0.8662105530413922
4.525,0.8667305716550499
4.5299997,0.8672487311225621
4.535,0.8677650370533367
4.54,0.8682794950470748
4.545,0.8687921106937272
4.55,0.8693028895734529
4.555,0.8698118372565778
4.56,0.8703189593035539
4.565,0.8708242612649187
4.57,0.8713277486812568
4.575,0.87182942708316
4.58,0.8723293019911901
4.585,0.8728273789158406
4.59,0.8733236633575004
4.5950003,0.8738181608064173
4.6,0.8743108767426622
4.605,0.8748018166360941
4.61,0.8752909859463259
4.615,0.8757783901226903
4.62,0.8762640346042064
4.625,0.8767479248195474
4.63,0.8772300661870083
4.635,0.8777104641144742
4.64,0.8781891239993898
4.645,0.8786660512287285
4.65,0.8791412511789632
4.6549997,0.8796147292160365
4.66,0.8800864906953321
4.665,0.8805565409616468
4.67,0.881024885349163
4.675,0.8814915291814213
4.68,0.8819564777712939
4.685,0.8824197364209594
4.69,0.8828813104218761
4.695,0.8833412050547581
4.7,0.8837994255895503
4.705,0.8842559772854043
4.71,0.8847108653906556
4.715,0.8851640951428
4.7200003,0.8856156717684719
4.725,0.8860656004834214
4.73,0.8865138864924939
4.735,0.8869605349896083
4.74,0.887405551157737
4.745,0.8878489401688857
4.75,0.8882907071840739
4.755,0.8887308573533158
4.76,0.889169395815602
4.765,0.8896063276988806
4.77,0.8900416581200404
4.775,0.8904753921848931
4.7799997,0.8909075349881567
4.785,0.891338091613439
4.79,0.8917670671332221
4.795,0.8921944666088464
4.8,0.8926202950904958
4.805,0.8930445576171832
4.81,0.8934672592167361
4.815,0.8938884049057829
4.82,0.8943079996897396
4.825,0.8947260485627968
4.83,0.8951425565079071
4.835,0.8955575284967731
4.84,0.8959709694898356
4.8450003,0.8963828844362622
4.85,0.8967932782739367
4.855,0.8972021559294479
4.86,0.8976095223180799
4.865,0.8980153823438024
4.87,0.8984197408992609
4.875,0.8988226028657681
4.88,0.8992239731132947
4.885,0.8996238565004618
4.89,0.9000222578745324
4.895,0.900419182071404
4.9,0.9008146339156016
4.9049997,0.9012086182202705
4.91,0.9016011397871702
4.915,0.9019922034066677
4.92,0.9023818138577325
4.925,0.9027699759079303
4.93,0.9031566943134182
4.935,0.9035419738189401
4.94,0.903925819157822
4.945,0.904308235051968
4.95,0.9046892262118563
4.955,0.9050687973365361
4.96,0.9054469531136238
4.965,0.9058236982193008
4.9700003,0.9061990373183105
4.975,0.9065729750639565
4.98,0.9069455160981003
4.985,0.9073166650511596
4.99,0.9076864265421075
4.995,0.9080548051784711
5,0.9084218055563308
5.005,0.9087874322603199
5.01,0.9091516898636245
5.015,0.9095145829279837
5.02,0.9098761160036898
5.025,0.9102362936295892
5.03,0.9105951203330834
5.035,0.9109526006301302
5.04,0.9113087390252449
5.045,0.9116635400115028
5.05,0.912017008070541
5.055,0.91236914767256
5.06,0.9127199632763275
5.065,0.9130694593291805
5.07,0.9134176402670283
5.075,0.9137645105143565
5.08,0.91411007448423
5.085,0.9144543365782972
5.09,0.914797301186794
5.095,0.9151389726885482
5.1,0.9154793554509838
5.105,0.9158184538301263
5.11,0.9161562721706075
5.115,0.9164928148056707
5.12,0.9168280860571764
5.125,0.917162090235608
5.13,0.917494831640078
5.135,0.9178263145583334
5.14,0.9181565432667633
5.145,0.9184855220304048
5.15,0.9188132551029498
5.155,0.9191397467267524
5.16,0.919465001132836
5.165,0.919789022540901
5.17,0.9201118151593323
5.175,0.9204333831852071
5.18,0.9207537308043033
5.185,0.9210728621911078
5.19,0.9213907815088248
5.195,0.9217074929093844
5.2,0.9220230005334518
5.205,0.9223373085104363
5.21,0.9226504209585006
5.215,0.9229623419845702
5.22,0.9232730756843429
5.225,0.923582626142299
5.23,0.9238909974317111
5.235,0.9241981936146542
5.24,0.924504218742016
5.245,0.9248090768535082
5.25,0.925112771977676
5.255,0.9254153081319102
5.26,0.9257166893224572
5.265,0.926016919544431
5.27,0.9263160027818242
5.275,0.9266139430075199
5.28,0.9269107441833028
5.285,0.9272064102598718
5.29,0.9275009451768516
5.295,0.9277943528628049
5.3,0.9280866372352449
5.305,0.9283778022006476
5.31,0.9286678516544649
5.315,0.9289567894811366
5.32,0.9292446195541042
5.325,0.9295313457358235
5.33,0.9298169718777778
5.335,0.9301015018204913
5.34,0.9303849393935432
5.345,0.9306672884155801
5.35,0.9309485526943312
5.355,0.9312287360266212
5.36,0.9315078421983847
5.365,0.9317858749846805
5.37,0.9320628381497057
5.375,0.9323387354468105
5.38,0.932613570618512
5.385,0.9328873473965098
5.39,0.9331600695017003
5.395,0.9334317406441915
5.4,0.9337023645233187
5.405,0.9339719448276589
5.41,0.9342404852350465
5.415,0.934507989412589
5.42,0.9347744610166816
5.425,0.9350399036930239
5.43,0.9353043210766349
5.435,0.935567716791869
5.44,0.9358300944524323
5.445,0.9360914576613981
5.45,0.9363518100112238
5.455,0.9366111550837662
5.46,0.9368694964502989
5.465,0.937126837671528
5.47,0.9373831822976092
5.475,0.9376385338681639
5.48,0.9378928959122964
5.485,0.9381462719486109
5.49,0.938398665485228
5.495,0.9386500800198019
5.5,0.9389005190395378
5.505,0.9391499860212086
5.51,0.9393984844311729
5.515,0.9396460177253918
5.52,0.9398925893494466
5.525,0.9401382027385566
5.5299997,0.9403828613175964
5.535,0.9406265685011137
5.54,0.9408693276933472
5.545,0.9411111422882447
5.55,0.9413520156694806
5.555,0.9415919512104743
5.56,0.9418309522744084
5.565,0.9420690222142465
5.57,0.9423061643727517
5.575,0.9425423820825052
5.58,0.9427776786659242
5.585,0.9430120574352808
5.59,0.9432455216927204
5.5950003,0.9434780747302801
5.6,0.9437097198299079
5.605,0.9439404602634811
5.61,0.944170299292825
5.615,0.9443992401697322
5.62,0.944627286135981
5.625,0.944854440423355
5.63,0.9450807062536616
5.635,0.9453060868387515
5.64,0.9455305853805378
5.645,0.9457542050710152
5.65,0.9459769490922789
5.6549997,0.9461988206165448
5.66,0.9464198228061682
5.665,0.9466399588136634
5.67,0.9468592317817232
5.675,0.9470776448432388
5.68,0.9472952011213187
5.685,0.9475119037293092
5.69,0.9477277557708133
5.695,0.9479427603397108
5.7,0.9481569205201783
5.705,0.9483702393867085
5.71,0.9485827200041307
5.715,0.9487943654276301
5.7200003,0.9490051787027682
5.725,0.9492151628655027
5.73,0.9494243209422073
5.735,0.9496326559496922
5.74,0.9498401708952238
5.745,0.9500468687765451
5.75,0.9502527525818959
5.755,0.9504578252900329
5.76,0.9506620898702499
5.765,0.9508655492823984
5.77,0.9510682064769076
5.775,0.9512700643948049
5.7799997,0.9514711259677364
5.785,0.9516713941179871
5.79,0.9518708717585015
5.795,0.9520695617929039
5.8,0.9522674671155194
5.805,0.9524645906113937
5.81,0.9526609351563141
5.815,0.9528565036168303
5.82,0.9530512988502744
5.825,0.953245323704782
5.83,0.9534385810193128
5.835,0.9536310736236712
5.84,0.953822804338527
5.8450003,0.954013775975436
5.85,0.9542039913368612
5.855,0.954393453216193
5.86,0.9545821643977702
5.865,0.9547701276569012
5.87,0.9549573457598841
5.875,0.9551438214640281
5.88,0.955329557517674
5.885,0.9555145566602153
5.89,0.9556988216221192
5.895,0.9558823551249469
5.9,0.9560651598813753
5.9049997,0.9562472385952174
5.91,0.9564285939614434
5.915,0.9566092286662016
5.92,0.9567891453868393
5.925,0.9569683467919243
5.93,0.9571468355412649
5.935,0.9573246142859316
5.94,0.9575016856682782
5.945,0.9576780523219621
5.95,0.9578537168719662
5.955,0.9580286819346191
5.96,0.9582029501176167
5.965,0.958376524020043
5.9700003,0.9585494062323912
5.975,0.9587215993365844
5.98,0.9588931059059974
5.985,0.9590639285054771
5.99,0.9592340696913636
5.995,0.9594035320115117
6,0.9595723180053114
6.005,0.9597404302037094
6.01,0.9599078711292297
6.015,0.9600746432959952
6.02,0.9602407492097484
6.025,0.9604061913678725
6.03,0.9605709722594125
6.035,0.9607350943650961
6.04,0.9608985601573551
6.045,0.961061372100346
6.05,0.9612235326499716
6.055,0.9613850442539015
6.06,0.9615459093515932
6.065,0.9617061303743136
6.07,0.9618657097451594
6.075,0.9620246498790785
6.08,0.962182953182891
6.085,0.9623406220553101
6.09,0.962497658886963
6.095,0.9626540660604122
6.1,0.9628098459501759
6.105,0.96296500092275
6.11,0.9631195333366277
6.115,0.9632734455423217
6.12,0.9634267398823845
6.125,0.9635794186914292
6.13,0.9637314842961509
6.135,0.9638829390153473
6.14,0.9640337851599398
6.145,0.964184025032994
6.15,0.9643336609297412
6.155,0.9644826951375984
6.16,0.9646311299361903
6.165,0.9647789675973689
6.17,0.9649262103852352
6.175,0.9650728605561596
6.18,0.9652189203588029
6.185,0.9653643920341368
6.19,0.9655092778154651
6.195,0.965653579928444
6.2,0.965797300591103
6.205,0.9659404420138658
6.21,0.9660830063995706
6.215,0.9662249959434911
6.22,0.966366412833357
6.225,0.9665072592493749
6.23,0.9666475373642485
6.235,0.9667872493431996
6.24,0.9669263973439884
6.245,0.9670649835169343
6.25,0.9672030100049361
6.255,0.9673404789434932
6.26,0.9674773924607252
6.265,0.967613752677393
6.27,0.9677495617069194
6.275,0.967884821655409
6.28,0.968019534621669
6.285,0.9681537026972294
6.29,0.9682873279663637
6.295,0.9684204125061088
6.3,0.9685529583862856
6.305,0.9686849676695196
6.31,0.9688164424112604
6.315,0.9689473846598029
6.32,0.9690777964563068
6.325,0.969207679834817
6.33,0.9693370368222843
6.335,0.969465869438585
6.34,0.9695941796965412
6.345,0.9697219696019407
6.35,0.9698492411535578
6.355,0.9699759963431724
6.36,0.9701022371555911
6.365,0.9702279655686662
6.37,0.9703531835533165
6.375,0.9704778930735465
6.38,0.9706020960864673
6.385,0.9707257945423156
6.39,0.9708489903844739
6.395,0.9709716855494909
6.4,0.9710938819671002
6.405,0.9712155815602413
6.41,0.9713367862450787
6.415,0.9714574979310214
6.42,0.9715777185207434
6.425,0.9716974499102028
6.43,0.9718166939886617
6.435,0.9719354526387056
6.44,0.9720537277362635
6.445,0.9721715211506269
6.45,0.9722888347444696
6.455,0.9724056703738673
6.46,0.9725220298883167
6.465,0.9726379151307557
6.47,0.9727533279375818
6.475,0.9728682701386726
6.48,0.9729827435574042
6.485,0.9730967500106711
6.49,0.9732102913089054
6.495,0.9733233692560956
6.5,0.9734359856498069
6.505,0.9735481422811992
6.51,0.9736598409350471
6.515,0.9737710833897586
6.52,0.9738818714173944
6.525,0.9739922067836869
6.5299997,0.9741020912480595
6.535,0.9742115265636451
6.54,0.9743205144773056
6.545,0.9744290567296505
6.55,0.974537155055056
6.555,0.9746448111816838
6.56,0.9747520268314999
6.565,0.9748588037202934
6.57,0.9749651435576957
6.575,0.9750710480471985
6.58,0.975176518886173
6.585,0.9752815577658887
6.59,0.9753861663715316
6.5950003,0.9754903463822233
6.6,0.975594099471039
6.605,0.9756974273050266
6.61,0.9758003315452248
6.615,0.9759028138466819
6.62,0.9760048758584738
6.625,0.9761065192237232
6.63,0.9762077455796168
6.635,0.9763085565574247
6.64,0.9764089537825181
6.645,0.9765089388743879
6.65,0.9766085134466627
6.6549997,0.9767076791071269
6.66,0.9768064374577391
6.665,0.9769047900946501
6.67,0.9770027386082213
6.675,0.977100284583042
6.68,0.9771974295979481
6.685,0.9772941752260398
6.69,0.9773905230346996
6.695,0.9774864745856104
6.7,0.9775820314347727
6.705,0.9776771951325233
6.71,0.9777719672235523
6.715,0.9778663492469216
6.7200003,0.9779603427360821
6.725,0.9780539492188915
6.73,0.9781471702176321
6.735,0.978240007249028
6.74,0.9783324618242635
6.745,0.9784245354489994
6.75,0.9785162296233919
6.755,0.978607545842109
6.76,0.9786984855943482
6.765,0.9787890503638543
6.77,0.9788792416289361
6.775,0.9789690608624843
6.7799997,0.9790585095319883
6.785,0.9791475890995538
6.79,0.9792363010219198
6.795,0.9793246467504758
6.8,0.979412627731279
6.805,0.9795002454050712
6.81,0.9795875012072961
6.815,0.9796743965681161
6.82,0.9797609329124294
6.825,0.9798471116598869
6.83,0.9799329342249091
6.835,0.9800184020167029
6.84,0.9801035164392784
6.8450003,0.9801882788914659
6.85,0.9802726907669325
6.855,0.9803567534541986
6.86,0.9804404683366551
6.865,0.9805238367925794
6.87,0.9806068601951524
6.875,0.9806895399124751
6.88,0.9807718773075847
6.885,0.9808538737384717
6.89,0.9809355305580955
6.895,0.9810168491144016
6.9,0.9810978307503375
6.9049997,0.9811784768038694
6.91,0.981258788607998
6.915,0.9813387674907751
6.92,0.9814184147753198
6.925,0.9814977317798342
6.93,0.9815767198176204
6.935,0.9816553801970959
6.94,0.9817337142218096
6.945,0.9818117231904583
6.95,0.9818894083969025
6.955,0.9819667711301823
6.96,0.9820438126745329
6.965,0.9821205343094013
6.9700003,0.9821969373094613
6.975,0.98227302294463
6.98,0.9823487924800829
6.985,0.9824242471762699
6.99,0.9824993882889309
6.995,0.9825742170691119
7,0.9826487347631796
7.005,0.982722942612838
7.01,0.982796841855143
7.015,0.9828704337225188
7.02,0.9829437194427725
7.025,0.9830167002391098
7.03,0.9830893773301506
7.035,0.9831617519299439
7.04,0.9832338252479835
7.045,0.9833055984892229
7.05,0.9833770728540907
7.055,0.9834482495385056
7.06,0.9835191297338917
7.065,0.9835897146271935
7.07,0.9836600054008908
7.075,0.9837300032330142
7.08,0.9837997092971594
7.085,0.9838691247625027
7.09,0.9839382507938154
7.095,0.9840070885514791
7.1,0.9840756391915003
7.105,0.9841439038655251
7.11,0.9842118837208541
7.115,0.9842795799004571
7.12,0.9843469935429877
7.125,0.9844141257827977
7.13,0.9844809777499522
7.135,0.9845475505702437
7.14,0.9846138453652067
7.145,0.9846798632521323
7.15,0.9847456053440826
7.155,0.984811072749905
7.16,0.9848762665742465
7.165,0.9849411879175684
7.17,0.9850058378761599
7.175,0.9850702175421532
7.18,0.9851343280035367
7.185,0.9851981703441702
7.19,0.9852617456437982
7.195,0.9853250549780644
7.2,0.9853880994185257
7.205,0.9854508800326659
7.21,0.9855133978839103
7.215,0.9855756540316392
7.22,0.9856376495312016
7.225,0.9856993854339295
7.23,0.9857608627871516
7.235,0.9858220826342069
7.24,0.9858830460144585
7.245,0.9859437539633077
7.25,0.9860042075122069
7.255,0.9860644076886739
7.26,0.9861243555163053
7.265,0.98618405201479
7.27,0.9862434981999225
7.275,0.986302695083617
7.28,0.9863616436739201
7.285,0.9864203449750247
7.29,0.9864787999872833
7.295,0.986537009707221
7.3,0.9865949751275495
7.305,0.9866526972371793
7.31,0.986710177021234
7.315,0.9867674154610627
7.32,0.9868244135342537
7.325,0.9868811722146471
7.33,0.9869376924723483
7.335,0.9869939752737407
7.34,0.9870500215814988
7.345,0.9871058323546014
7.35,0.9871614085483441
7.355,0.9872167511143526
7.36,0.9872718610005952
7.365,0.9873267391513958
7.37,0.9873813865074466
7.375,0.9874358040058208
7.38,0.9874899925799855
7.385,0.9875439531598141
7.39,0.9875976866715992
7.395,0.9876511940380648
7.4,0.9877044761783792
7.405,0.9877575340081675
7.41,0.9878103684395239
7.415,0.9878629803810242
7.42,0.9879153707377383
7.425,0.9879675404112425
7.43,0.9880194902996318
7.435,0.9880712212975322
7.44,0.9881227342961132
7.445,0.9881740301830996
7.45,0.988225109842784
7.455,0.988275974156039
7.46,0.9883266240003289
7.465,0.9883770602497224
7.47,0.9884272837749041
7.475,0.9884772954431869
7.48,0.9885270961185235
7.485,0.9885766866615191
7.49,0.9886260679294426
7.495,0.9886752407762387
7.5,0.9887242060525399
7.505,0.9887729646056779
7.51,0.9888215172796959
7.515,0.98886986491536
7.52,0.9889180083501707
7.525,0.9889659484183753
7.5299997,0.9890136859509784
7.535,0.9890612217757545
7.54,0.9891085567172592
7.545,0.9891556915968404
7.55,0.9892026272326502
7.555,0.9892493644396564
7.56,0.9892959040296534
7.565,0.9893422468112741
7.57,0.9893883935900012
7.575,0.989434345168178
7.58,0.9894801023450202
7.585,0.9895256659166268
7.59,0.989571036675992
7.5950003,0.9896162154130154
7.6,0.9896612029145135
7.605,0.9897059999642315
7.61,0.989750607342853
7.615,0.9897950258280124
7.62,0.9898392561943049
7.625,0.9898832992132982
7.63,0.9899271556535428
7.635,0.9899708262805835
7.64,0.9900143118569699
7.645,0.990057613142267
7.65,0.9901007308930667
7.6549997,0.9901436658629981
7.66,0.990186418802738
7.665,0.9902289904600223
7.67,0.9902713815796561
7.675,0.9903135929035245
7.68,0.9903556251706032
7.685,0.9903974791169691
7.69,0.9904391554758107
7.695,0.9904806549774391
7.7,0.9905219783492974
7.705,0.9905631263159725
7.71,0.9906040995992044
7.715,0.9906448989178969
7.7200003,0.9906855249881283
7.725,0.9907259785231615
7.73,0.9907662602334537
7.735,0.9908063708266677
7.74,0.9908463110076811
7.745,0.9908860814785971
7.75,0.9909256829387546
7.755,0.9909651160847379
7.76,0.9910043816103872
7.765,0.9910434802068083
7.77,0.9910824125623833
7.775,0.9911211793627794
7.7799997,0.9911597812909602
7.785,0.9911982190271943
7.79,0.9912364932490665
7.795,0.9912746046314865
7.8,0.9913125538466996
7.805,0.9913503415642957
7.81,0.9913879684512199
7.815,0.9914254351717816
7.82,0.9914627423876644
7.825,0.9914998907579358
7.83,0.9915368809390568
7.835,0.9915737135848915
7.84,0.9916103893467169
7.8450003,0.9916469088732318
7.85,0.9916832728105672
7.855,0.9917194818022951
7.86,0.9917555364894381
7.865,0.9917914375104792
7.87,0.9918271855013705
7.875,0.9918627810955433
7.88,0.9918982249239168
7.885,0.9919335176149079
7.89,0.9919686597944402
7.895,0.9920036520859531
7.9,0.9920384951104114
7.9049997,0.9920731894863143
7.91,0.9921077358297042
7.915,0.9921421347541766
7.92,0.9921763868708883
7.925,0.9922104927885671
7.93,0.9922444531135206
7.935,0.9922782684496452
7.94,0.992311939398435
7.945,0.9923454665589909
7.95,0.9923788505280295
7.955,0.9924120918998919
7.96,0.9924451912665523
7.965,0.9924781492176272
7.9700003,0.9925109663403844
7.975,0.9925436432197511
7.98,0.9925761804383231
7.985,0.9926085785763734
7.99,0.9926408382118608
7.995,0.9926729599204387
8,0.9927049442754635
8.005,0.9927367918480036
8.01,0.9927685032068473
8.015,0.9928000789185121
8.02,0.9928315195472526
8.025,0.9928628256550692
8.03,0.9928939978017168
8.035,0.9929250365447128
8.04,0.9929559424393455
8.045,0.9929867160386829
8.05,0.9930173578935809
8.055,0.9930478685526911
8.06,0.9930782485624696
8.065,0.9931084984671853
8.07,0.9931386188089278
8.075,0.9931686101276158
8.08,0.9931984729610052
8.085,0.993228207844697
8.09,0.9932578153121462
8.095,0.9932872958946689
8.1,0.9933166501214511
8.105,0.9933458785195562
8.11,0.9933749816139337
8.115,0.9934039599274261
8.12,0.9934328139807782
8.125,0.9934615442926438
8.13,0.9934901513795943
8.135,0.9935186357561264
8.14,0.99354699793467
8.145,0.9935752384255959
8.15,0.9936033577372235
8.155,0.993631356375829
8.16,0.9936592348456527
8.165,0.9936869936489068
8.17,0.9937146332857832
8.175,0.9937421542544613
8.18,0.9937695570511152
8.185,0.9937968421699217
8.19,0.9938240101030676
8.195,0.9938510613407576
8.2,0.9938779963712214
8.205,0.9939048156807216
8.21,0.993931519753561
8.215,0.9939581090720898
8.22,0.9939845841167138
8.225,0.9940109453659006
8.23,0.9940371932961884
8.235,0.9940633283821921
8.24,0.9940893510966115
8.245,0.9941152619102378
8.25,0.9941410612919617
8.255,0.9941667497087802
8.26,0.9941923276258037
8.265,0.9942177955062637
8.27,0.9942431538115194
8.275,0.9942684030010652
8.28,0.994293543532538
8.285,0.9943185758617236
8.29,0.9943435004425645
8.295,0.9943683177271666
8.3,0.9943930281658064
8.305,0.9944176322069379
8.31,0.9944421302971994
8.315,0.9944665228814208
8.32,0.9944908104026303
8.325,0.9945149933020615
8.33,0.9945390720191599
8.335,0.9945630469915904
8.34,0.9945869186552433
8.345,0.994610687444242
8.35,0.994634353790949
8.355,0.9946579181259733
8.36,0.9946813808781765
8.365,0.9947047424746802
8.37,0.9947280033408722
8.375,0.9947511639004133
8.38,0.994774224575244
8.385,0.9947971857855912
8.39,0.9948200479499745
8.395,0.994842811485213
8.4,0.994865476806432
8.405,0.9948880443270691
8.41,0.9949105144588811
8.415,0.9949328876119503
8.42,0.994955164194691
8.425,0.9949773446138559
8.43,0.9949994292745425
8.435,0.9950214185801998
8.44,0.995043312932634
8.445,0.9950651127320157
8.45,0.9950868183768854
8.455,0.9951084302641604
8.46,0.9951299487891407
8.465,0.9951513743455157
8.47,0.9951727073253698
8.475,0.9951939481191892
8.48,0.9952150971158678
8.485,0.9952361547027133
8.49,0.9952571212654538
8.495,0.9952779971882434
8.5,0.9952987828536684
8.505,0.9953194786427535
8.51,0.9953400849349682
8.515,0.995360602108232
8.52,0.9953810305389212
8.525,0.9954013706018746
8.53,0.9954216226703994
8.535,0.9954417871162771
8.54,0.9954618643097697
8.545,0.9954818546196255
8.55,0.9955017584130849
8.555,0.9955215760558862
8.56,0.9955413079122719
8.565,0.9955609543449939
8.57,0.9955805157153197
8.575,0.995599992383038
8.58,0.9956193847064647
8.585,0.9956386930424485
8.59,0.9956579177463764
8.595,0.9956770591721797
8.6,0.99569611767234
8.605,0.9957150935978938
8.61,0.9957339872984392
8.615,0.995752799122141
8.62,0.9957715294157364
8.625,0.9957901785245408
8.63,0.9958087467924529
8.635,0.9958272345619607
8.64,0.9958456421741465
8.645,0.9958639699686931
8.65,0.9958822182838887
8.655,0.9959003874566326
8.66,0.9959184778224405
8.665,0.99593648971545
8.67,0.9959544234684263
8.675,0.995972279412767
8.68,0.9959900578785078
8.685,0.9960077591943279
8.69,0.9960253836875552
8.695,0.9960429316841716
8.7,0.9960604035088182
8.705,0.9960777994848008
8.71,0.996095119934095
8.715,0.9961123651773515
8.72,0.996129535533901
8.725,0.9961466313217601
8.73,0.9961636528576354
8.735,0.9961806004569298
8.74,0.9961974744337468
8.745,0.996214275100896
8.75,0.9962310027698981
8.755,0.9962476577509899
8.76,0.9962642403531294
8.765,0.9962807508840011
8.77,0.9962971896500206
8.775,0.9963135569563397
8.78,0.9963298531068517
8.785,0.9963460784041961
8.79,0.9963622331497635
8.795,0.9963783176437006
8.8,0.996394332184915
8.805,0.9964102770710807
8.81,0.9964261525986419
8.815,0.9964419590628188
8.82,0.9964576967576122
8.825,0.9964733659758078
8.83,0.9964889670089817
8.835,0.9965045001475048
8.84,0.9965199656805477
8.845,0.9965353638960854
8.85,0.9965506950809021
8.855,0.9965659595205958
8.86,0.996581157499583
8.865,0.9965962893011036
8.87,0.9966113552072253
8.875,0.9966263554988485
8.88,0.9966412904557105
8.885,0.9966561603563905
8.89,0.9966709654783142
8.895,0.9966857060977584
8.9,0.996700382489855
8.905,0.9967149949285963
8.91,0.996729543686839
8.915,0.996744029036309
8.92,0.9967584512476059
8.925,0.9967728105902071
8.93,0.9967871073324728
8.935,0.9968013417416501
8.94,0.9968155140838775
8.945,0.9968296246241892
8.95,0.9968436736265198
8.955,0.9968576613537085
8.96,0.9968715880675031
8.965,0.9968854540285651
8.97,0.9968992594964734
8.975,0.9969130047297289
8.98,0.9969266899857587
8.985,0.9969403155209207
8.99,0.996953881590507
8.995,0.9969673884487492
9,0.996980836348822
9.005,0.9969942255428474
9.01,0.9970075562818995
9.015,0.997020828816008
9.02,0.9970340433941625
9.025,0.997047200264317
9.03,0.9970602996733939
9.035,0.9970733418672878
9.04,0.9970863270908699
9.045,0.9970992555879922
9.05,0.9971121276014913
9.055,0.9971249433731926
9.06,0.9971377031439144
9.065,0.9971504071534718
9.07,0.9971630556406809
9.075,0.9971756488433624
9.08,0.9971881869983461
9.085,0.9972006703414746
9.09,0.9972130991076074
9.095,0.9972254735306243
9.1,0.9972377938434303
9.105,0.9972500602779586
9.11,0.9972622730651751
9.115,0.997274432435082
9.12,0.9972865386167215
9.125,0.99729859183818
9.13,0.997310592326592
9.135,0.9973225403081435
9.14,0.9973344360080761
9.145,0.9973462796506908
9.15,0.9973580714593515
9.155,0.9973698116564893
9.16,0.9973815004636056
9.165,0.9973931381012765
9.17,0.9974047247891559
9.175,0.9974162607459796
9.18,0.997427746189569
9.185,0.9974391813368345
9.19,0.9974505664037795
9.195,0.9974619016055039
9.2,0.9974731871562075
9.205,0.9974844232691941
9.21,0.9974956101568748
9.215,0.9975067480307718
9.22,0.9975178371015215
9.225,0.9975288775788789
9.23,0.9975398696717203
9.235,0.9975508135880474
9.24,0.9975617095349907
9.245,0.9975725577188128
9.25,0.9975833583449122
9.255,0.9975941116178266
9.26,0.9976048177412367
9.265,0.9976154769179689
9.27,0.9976260893499997
9.275,0.9976366552384586
9.28,0.9976471747836314
9.285,0.997657648184964
9.29,0.9976680756410659
9.295,0.9976784573497126
9.3,0.9976887935078503
9.305,0.9976990843115986
9.31,0.9977093299562535
9.315,0.9977195306362914
9.32,0.9977296865453721
9.325,0.9977397978763421
9.33,0.9977498648212382
9.335,0.99775988757129
9.34,0.9977698663169241
9.345,0.9977798012477669
9.35,0.9977896925526478
9.355,0.9977995404196026
9.36,0.9978093450358766
9.365,0.9978191065879278
9.37,0.9978288252614304
9.375,0.9978385012412773
9.38,0.9978481347115841
9.385,0.9978577258556917
9.39,0.9978672748561696
9.395,0.997876781894819
9.4,0.997886247152676
9.405,0.997895670810015
9.41,0.9979050530463508
9.415,0.9979143940404429
9.42,0.9979236939702979
9.425,0.9979329530131725
9.43,0.9979421713455771
9.435,0.997951349143278
9.44,0.9979604865813013
9.445,0.9979695838339355
9.45,0.9979786410747343
9.455,0.9979876584765202
9.46,0.9979966362113865
9.465,0.9980055744507014
9.47,0.9980144733651103
9.475,0.9980233331245387
9.48,0.9980321538981956
9.485,0.9980409358545758
9.49,0.9980496791614633
9.495,0.998058383985934
9.5,0.998067050494359
9.505,0.9980756788524063
9.51,0.9980842692250453
9.515,0.9980928217765483
9.52,0.9981013366704942
9.525,0.9981098140697707
9.53,0.9981182541365777
9.535,0.9981266570324298
9.54,0.9981350229181589
9.545,0.9981433519539177
9.55,0.9981516442991816
9.555,0.9981599001127519
9.56,0.9981681195527589
9.565,0.9981763027766638
9.57,0.9981844499412623
9.575,0.9981925612026868
9.58,0.9982006367164094
9.585,0.998208676637244
9.59,0.99821668111935
9.595,0.9982246503162343
9.6,0.9982325843807539
9.605,0.9982404834651191
9.61,0.9982483477208954
9.615,0.9982561772990072
9.62,0.9982639723497391
9.625,0.9982717330227396
9.63,0.9982794594670235
9.635,0.9982871518309738
9.64,0.9982948102623453
9.645,0.9983024349082665
9.65,0.9983100259152425
9.655,0.9983175834291572
9.66,0.9983251075952763
9.665,0.9983325985582494
9.67,0.9983400564621131
9.675,0.9983474814502928
9.68,0.9983548736656059
9.685,0.9983622332502637
9.69,0.9983695603458744
9.695,0.9983768550934452
9.7,0.998384117633385
9.705,0.9983913481055067
9.71,0.9983985466490297
9.715,0.9984057134025827
9.72,0.9984128485042054
9.725,0.9984199520913517
9.73,0.9984270243008915
9.735,0.9984340652691133
9.74,0.9984410751317269
9.745,0.9984480540238653
9.75,0.9984550020800874
9.755,0.9984619194343803
9.76,0.9984688062201618
9.765,0.998475662570282
9.77,0.9984824886170268
9.775,0.9984892844921194
9.78,0.9984960503267228
9.785,0.9985027862514424
9.79,0.9985094923963278
9.795,0.9985161688908757
9.8,0.9985228158640315
9.805,0.9985294334441921
9.81,0.998536021759208
9.815,0.9985425809363855
9.82,0.998549111102489
9.825,0.9985556123837434
9.83,0.9985620849058358
9.835,0.9985685287939184
9.84,0.9985749441726104
9.845,0.9985813311659999
9.85,0.9985876898976467
9.855,0.9985940204905841
9.86,0.9986003230673212
9.865,0.9986065977498447
9.87,0.998612844659622
9.875,0.998619063917602
9.88,0.9986252556442187
9.885,0.9986314199593921
9.89,0.9986375569825311
9.895,0.9986436668325354
9.9,0.9986497496277973
9.905,0.9986558054862044
9.91,0.998661834525141
9.915,0.998667836861491
9.92,0.998673812611639
9.925,0.9986797618914733
9.93,0.9986856848163875
9.935,0.9986915815012825
9.94,0.9986974520605685
9.945,0.9987032966081676
9.95,0.998709115257515
9.955,0.9987149081215617
9.96,0.998720675312776
9.965,0.9987264169431459
9.97,0.998732133124181
9.975,0.9987378239669142
9.98,0.9987434895819042
9.985,0.9987491300792368
9.99,0.9987547455685276
9.995,0.9987603361589235
10,0.9987659019591044
